region,zone,yield_kg_ha,year,yield_tpha,Field,station_name,g_pente_mo,drainage,tmean,tmax,tmin,rain_mm,ppt_mm,snow_cm
6,3,10422,2010,10.422,F7,VERCHÈRES,0.0,SRE,18.78466666666667,24.16887417218543,13.329605263157896,558.5,558.5,0.0
6,3,8927,2011,8.927,F7,VERCHÈRES,0.0,SRE,18.93065693430657,24.362676056338028,13.432624113475176,577.8,577.8,0.0
6,3,9828,2012,9.828,F7,VERCHÈRES,0.0,SRE,18.99083333333333,24.603846153846156,13.420454545454543,512.9,512.9,0.0
6,3,10901,2013,10.901,F7,VERCHÈRES,0.0,SRE,18.338317757009342,24.06062992125984,12.55084745762712,512.6,512.6,0.0
6,3,9510,2014,9.51,F7,VERCHÈRES,0.0,SRE,18.93404255319149,24.13375,13.01851851851852,300.9,300.9,0.0
6,3,12317,2015,12.317,F7,VERCHÈRES,0.0,SRE,19.3488188976378,24.774436090225564,13.555555555555555,552.0,552.0,0.0
6,3,12562,2016,12.562,F7,VERCHÈRES,0.0,SRE,18.889256198347105,24.688524590163933,13.0327868852459,347.2,347.2,0.0
6,3,12794,2017,12.794,F7,VERCHÈRES,0.0,SRE,18.404225352112675,23.657042253521126,12.960689655172413,398.2,398.2,0.0
6,3,11571,2018,11.571,F7,VERCHÈRES,0.0,SRE,,25.53856209150327,13.458169934640525,498.2,498.2,0.0
6,3,8983,2019,8.983,F7,VERCHÈRES,0.0,SRE,,25.627868852459017,13.402459016393442,299.7,299.7,0.0
6,3,10968,2020,10.968,F7,VERCHÈRES,0.0,SRE,,24.552287581699343,12.8437908496732,372.4,372.4,0.0
6,3,11636,2021,11.636,F7,VERCHÈRES,0.0,SRE,,25.1718954248366,13.662745098039217,302.9,302.9,0.0
6,3,12850,2022,12.85,F7,VERCHÈRES,0.0,SRE,,24.440522875816995,13.215686274509803,574.4,574.4,0.0
6,3,11218,2023,11.218,F7,VERCHÈRES,0.0,SRE,,24.311409395973158,13.072297297297297,529.9,529.9,0.0
6,5,10268,2010,10.268,F1,MONTRÉAL-ST-HUBERT,0.0,LPI,18.35684931506849,23.686301369863013,13.039864864864866,0.0,570.2,0.0
6,5,10268,2010,10.268,F10,VERCHÈRES,0.0,MSU,18.78466666666667,24.16887417218543,13.329605263157896,558.5,558.5,0.0
6,5,10268,2010,10.268,F2,MARIEVILLE,0.0,SUB,8.7,13.15,4.23,1042.5,1109.5,67.0
6,5,10268,2010,10.268,F3,MARIEVILLE,0.0,SUB,8.7,13.15,4.23,1042.5,1109.5,67.0
6,5,10268,2010,10.268,F4,MONTRÉAL-ST-HUBERT,0.0,LPI,18.35684931506849,23.686301369863013,13.039864864864866,0.0,570.2,0.0
6,5,10268,2010,10.268,F5,MARIEVILLE,0.0,DJR,8.7,13.15,4.23,1042.5,1109.5,67.0
6,5,10268,2010,10.268,F6,MARIEVILLE,0.0,LPI,8.7,13.15,4.23,1042.5,1109.5,67.0
6,5,10268,2010,10.268,F8,VERCHÈRES,0.0,MSU,18.78466666666667,24.16887417218543,13.329605263157896,558.5,558.5,0.0
6,5,10268,2010,10.268,F9,SOREL,0.0,SJU,8.43,12.78,4.1,1000.0,1158.5,167.7
6,5,10268,2010,10.268,IRDA-32,MONTRÉAL-ST-HUBERT,0.0,SUB,18.35684931506849,23.686301369863013,13.039864864864866,0.0,570.2,0.0
6,5,10268,2010,10.268,IRDA-35,MONTRÉAL-ST-HUBERT,0.0,SUB,18.35684931506849,23.686301369863013,13.039864864864866,0.0,570.2,0.0
6,5,10268,2010,10.268,IRDA-36,MONTRÉAL-ST-HUBERT,0.0,SUB,18.35684931506849,23.686301369863013,13.039864864864866,0.0,570.2,0.0
6,5,10268,2010,10.268,IRDA-38,MONTRÉAL-ST-HUBERT,0.0,SUB,18.35684931506849,23.686301369863013,13.039864864864866,0.0,570.2,0.0
6,5,10268,2010,10.268,IRDA-41,MONTRÉAL-ST-HUBERT,0.0,SUB,18.35684931506849,23.686301369863013,13.039864864864866,0.0,570.2,0.0
6,5,10268,2010,10.268,IRDA-80,MONTRÉAL-ST-HUBERT,0.0,SDM,18.35684931506849,23.686301369863013,13.039864864864866,0.0,570.2,0.0
6,5,8848,2011,8.848,F1,MONTRÉAL-ST-HUBERT,0.0,LPI,18.279310344827586,23.688275862068966,12.88843537414966,0.0,486.0,0.0
6,5,8848,2011,8.848,F10,VERCHÈRES,0.0,MSU,18.93065693430657,24.362676056338028,13.432624113475176,577.8,577.8,0.0
6,5,8848,2011,8.848,F2,MARIEVILLE,0.0,SUB,7.93,12.67,2.81,902.5,1030.5,128.0
6,5,8848,2011,8.848,F3,MARIEVILLE,0.0,SUB,7.93,12.67,2.81,902.5,1030.5,128.0
6,5,8848,2011,8.848,F4,MONTRÉAL-ST-HUBERT,0.0,LPI,18.279310344827586,23.688275862068966,12.88843537414966,0.0,486.0,0.0
6,5,8848,2011,8.848,F5,MARIEVILLE,0.0,DJR,7.93,12.67,2.81,902.5,1030.5,128.0
6,5,8848,2011,8.848,F6,MARIEVILLE,0.0,LPI,7.93,12.67,2.81,902.5,1030.5,128.0
6,5,8848,2011,8.848,F8,VERCHÈRES,0.0,MSU,18.93065693430657,24.362676056338028,13.432624113475176,577.8,577.8,0.0
6,5,8848,2011,8.848,F9,SOREL,0.0,SJU,7.76,12.11,3.4,971.0,1199.4,229.7
6,5,8848,2011,8.848,IRDA-32,MONTRÉAL-ST-HUBERT,0.0,SUB,18.279310344827586,23.688275862068966,12.88843537414966,0.0,486.0,0.0
6,5,8848,2011,8.848,IRDA-35,MONTRÉAL-ST-HUBERT,0.0,SUB,18.279310344827586,23.688275862068966,12.88843537414966,0.0,486.0,0.0
6,5,8848,2011,8.848,IRDA-36,MONTRÉAL-ST-HUBERT,0.0,SUB,18.279310344827586,23.688275862068966,12.88843537414966,0.0,486.0,0.0
6,5,8848,2011,8.848,IRDA-38,MONTRÉAL-ST-HUBERT,0.0,SUB,18.279310344827586,23.688275862068966,12.88843537414966,0.0,486.0,0.0
6,5,8848,2011,8.848,IRDA-41,MONTRÉAL-ST-HUBERT,0.0,SUB,18.279310344827586,23.688275862068966,12.88843537414966,0.0,486.0,0.0
6,5,8848,2011,8.848,IRDA-80,MONTRÉAL-ST-HUBERT,0.0,SDM,18.279310344827586,23.688275862068966,12.88843537414966,0.0,486.0,0.0
6,5,10466,2012,10.466,F1,MONTRÉAL-ST-HUBERT,0.0,LPI,18.732432432432432,24.427027027027027,13.08476821192053,0.0,407.0,0.0
6,5,10466,2012,10.466,F10,VERCHÈRES,0.0,MSU,18.99083333333333,24.603846153846156,13.420454545454543,512.9,512.9,0.0
6,5,10466,2012,10.466,F2,MARIEVILLE,0.0,SUB,9.41,13.84,4.46,845.0,985.5,140.5
6,5,10466,2012,10.466,F3,MARIEVILLE,0.0,SUB,9.41,13.84,4.46,845.0,985.5,140.5
6,5,10466,2012,10.466,F4,MONTRÉAL-ST-HUBERT,0.0,LPI,18.732432432432432,24.427027027027027,13.08476821192053,0.0,407.0,0.0
6,5,10466,2012,10.466,F5,MARIEVILLE,0.0,DJR,9.41,13.84,4.46,845.0,985.5,140.5
6,5,10466,2012,10.466,F6,MARIEVILLE,0.0,LPI,9.41,13.84,4.46,845.0,985.5,140.5
6,5,10466,2012,10.466,F8,VERCHÈRES,0.0,MSU,18.99083333333333,24.603846153846156,13.420454545454543,512.9,512.9,0.0
6,5,10466,2012,10.466,F9,SOREL,0.0,SJU,8.36,12.73,3.89,779.6,910.6,180.8
6,5,10466,2012,10.466,IRDA-32,MONTRÉAL-ST-HUBERT,0.0,SUB,18.732432432432432,24.427027027027027,13.08476821192053,0.0,407.0,0.0
6,5,10466,2012,10.466,IRDA-35,MONTRÉAL-ST-HUBERT,0.0,SUB,18.732432432432432,24.427027027027027,13.08476821192053,0.0,407.0,0.0
6,5,10466,2012,10.466,IRDA-36,MONTRÉAL-ST-HUBERT,0.0,SUB,18.732432432432432,24.427027027027027,13.08476821192053,0.0,407.0,0.0
6,5,10466,2012,10.466,IRDA-38,MONTRÉAL-ST-HUBERT,0.0,SUB,18.732432432432432,24.427027027027027,13.08476821192053,0.0,407.0,0.0
6,5,10466,2012,10.466,IRDA-41,MONTRÉAL-ST-HUBERT,0.0,SUB,18.732432432432432,24.427027027027027,13.08476821192053,0.0,407.0,0.0
6,5,10466,2012,10.466,IRDA-80,MONTRÉAL-ST-HUBERT,0.0,SDM,18.732432432432432,24.427027027027027,13.08476821192053,0.0,407.0,0.0
6,5,11770,2013,11.77,F1,MONTRÉAL-ST-HUBERT,0.0,LPI,17.606164383561644,23.083561643835612,12.029054054054054,0.0,444.9,0.0
6,5,11770,2013,11.77,F10,VERCHÈRES,0.0,MSU,18.338317757009342,24.06062992125984,12.55084745762712,512.6,512.6,0.0
6,5,11770,2013,11.77,F2,MARIEVILLE,0.0,SUB,8.51,12.7,3.38,813.0,990.5,181.5
6,5,11770,2013,11.77,F3,MARIEVILLE,0.0,SUB,8.51,12.7,3.38,813.0,990.5,181.5
6,5,11770,2013,11.77,F4,MONTRÉAL-ST-HUBERT,0.0,LPI,17.606164383561644,23.083561643835612,12.029054054054054,0.0,444.9,0.0
6,5,11770,2013,11.77,F5,MARIEVILLE,0.0,DJR,8.51,12.7,3.38,813.0,990.5,181.5
6,5,11770,2013,11.77,F6,MARIEVILLE,0.0,LPI,8.51,12.7,3.38,813.0,990.5,181.5
6,5,11770,2013,11.77,F8,VERCHÈRES,0.0,MSU,18.338317757009342,24.06062992125984,12.55084745762712,512.6,512.6,0.0
6,5,11770,2013,11.77,F9,SOREL,0.0,SJU,6.93,11.48,2.42,856.5,1055.8,210.9
6,5,11770,2013,11.77,IRDA-32,MONTRÉAL-ST-HUBERT,0.0,SUB,17.606164383561644,23.083561643835612,12.029054054054054,0.0,444.9,0.0
6,5,11770,2013,11.77,IRDA-35,MONTRÉAL-ST-HUBERT,0.0,SUB,17.606164383561644,23.083561643835612,12.029054054054054,0.0,444.9,0.0
6,5,11770,2013,11.77,IRDA-36,MONTRÉAL-ST-HUBERT,0.0,SUB,17.606164383561644,23.083561643835612,12.029054054054054,0.0,444.9,0.0
6,5,11770,2013,11.77,IRDA-38,MONTRÉAL-ST-HUBERT,0.0,SUB,17.606164383561644,23.083561643835612,12.029054054054054,0.0,444.9,0.0
6,5,11770,2013,11.77,IRDA-41,MONTRÉAL-ST-HUBERT,0.0,SUB,17.606164383561644,23.083561643835612,12.029054054054054,0.0,444.9,0.0
6,5,11770,2013,11.77,IRDA-80,MONTRÉAL-ST-HUBERT,0.0,SDM,17.606164383561644,23.083561643835612,12.029054054054054,0.0,444.9,0.0
6,5,10266,2014,10.266,F1,MONTRÉAL-ST-HUBERT,0.0,LPI,17.821476510067114,23.12214765100671,12.5,0.0,444.4,0.0
6,5,10266,2014,10.266,F10,VERCHÈRES,0.0,MSU,18.93404255319149,24.13375,13.01851851851852,300.9,300.9,0.0
6,5,10266,2014,10.266,F2,MARIEVILLE,0.0,SUB,7.44,11.92,2.57,894.0,992.0,121.0
6,5,10266,2014,10.266,F3,MARIEVILLE,0.0,SUB,7.44,11.92,2.57,894.0,992.0,121.0
6,5,10266,2014,10.266,F4,MONTRÉAL-ST-HUBERT,0.0,LPI,17.821476510067114,23.12214765100671,12.5,0.0,444.4,0.0
6,5,10266,2014,10.266,F5,MARIEVILLE,0.0,DJR,7.44,11.92,2.57,894.0,992.0,121.0
6,5,10266,2014,10.266,F6,MARIEVILLE,0.0,LPI,7.44,11.92,2.57,894.0,992.0,121.0
6,5,10266,2014,10.266,F8,VERCHÈRES,0.0,MSU,18.93404255319149,24.13375,13.01851851851852,300.9,300.9,0.0
6,5,10266,2014,10.266,F9,SOREL,0.0,SJU,6.85,11.15,2.4,925.8,1017.9,155.5
6,5,10266,2014,10.266,IRDA-32,MONTRÉAL-ST-HUBERT,0.0,SUB,17.821476510067114,23.12214765100671,12.5,0.0,444.4,0.0
6,5,10266,2014,10.266,IRDA-35,MONTRÉAL-ST-HUBERT,0.0,SUB,17.821476510067114,23.12214765100671,12.5,0.0,444.4,0.0
6,5,10266,2014,10.266,IRDA-36,MONTRÉAL-ST-HUBERT,0.0,SUB,17.821476510067114,23.12214765100671,12.5,0.0,444.4,0.0
6,5,10266,2014,10.266,IRDA-38,MONTRÉAL-ST-HUBERT,0.0,SUB,17.821476510067114,23.12214765100671,12.5,0.0,444.4,0.0
6,5,10266,2014,10.266,IRDA-41,MONTRÉAL-ST-HUBERT,0.0,SUB,17.821476510067114,23.12214765100671,12.5,0.0,444.4,0.0
6,5,10266,2014,10.266,IRDA-80,MONTRÉAL-ST-HUBERT,0.0,SDM,17.821476510067114,23.12214765100671,12.5,0.0,444.4,0.0
6,5,12929,2015,12.929,F1,MONTRÉAL-ST-HUBERT,0.0,LPI,18.62185430463576,24.226490066225164,12.896078431372548,0.0,493.4,0.0
6,5,12929,2015,12.929,F10,VERCHÈRES,0.0,MSU,19.3488188976378,24.774436090225564,13.555555555555555,552.0,552.0,0.0
6,5,12929,2015,12.929,F2,MARIEVILLE,0.0,SUB,8.57,13.15,3.19,814.5,954.5,144.0
6,5,12929,2015,12.929,F3,MARIEVILLE,0.0,SUB,8.57,13.15,3.19,814.5,954.5,144.0
6,5,12929,2015,12.929,F4,MONTRÉAL-ST-HUBERT,0.0,LPI,18.62185430463576,24.226490066225164,12.896078431372548,0.0,493.4,0.0
6,5,12929,2015,12.929,F5,MARIEVILLE,0.0,DJR,8.57,13.15,3.19,814.5,954.5,144.0
6,5,12929,2015,12.929,F6,MARIEVILLE,0.0,LPI,8.57,13.15,3.19,814.5,954.5,144.0
6,5,12929,2015,12.929,F8,VERCHÈRES,0.0,MSU,19.3488188976378,24.774436090225564,13.555555555555555,552.0,552.0,0.0
6,5,12929,2015,12.929,F9,SOREL,0.0,SJU,6.96,11.6,2.22,908.0,1061.9,192.6
6,5,12929,2015,12.929,IRDA-32,MONTRÉAL-ST-HUBERT,0.0,SUB,18.62185430463576,24.226490066225164,12.896078431372548,0.0,493.4,0.0
6,5,12929,2015,12.929,IRDA-35,MONTRÉAL-ST-HUBERT,0.0,SUB,18.62185430463576,24.226490066225164,12.896078431372548,0.0,493.4,0.0
6,5,12929,2015,12.929,IRDA-36,MONTRÉAL-ST-HUBERT,0.0,SUB,18.62185430463576,24.226490066225164,12.896078431372548,0.0,493.4,0.0
6,5,12929,2015,12.929,IRDA-38,MONTRÉAL-ST-HUBERT,0.0,SUB,18.62185430463576,24.226490066225164,12.896078431372548,0.0,493.4,0.0
6,5,12929,2015,12.929,IRDA-41,MONTRÉAL-ST-HUBERT,0.0,SUB,18.62185430463576,24.226490066225164,12.896078431372548,0.0,493.4,0.0
6,5,12929,2015,12.929,IRDA-80,MONTRÉAL-ST-HUBERT,0.0,SDM,18.62185430463576,24.226490066225164,12.896078431372548,0.0,493.4,0.0
6,5,12764,2016,12.764,F1,MONTRÉAL-ST-HUBERT,0.0,LPI,18.338805970149256,24.280597014925373,12.343283582089551,0.0,340.90000000000003,0.0
6,5,12764,2016,12.764,F10,VERCHÈRES,0.0,MSU,18.889256198347105,24.688524590163933,13.0327868852459,347.2,347.2,0.0
6,5,12764,2016,12.764,F2,MARIEVILLE,0.0,SUB,6.73,11.57,2.02,851.0,991.0,159.0
6,5,12764,2016,12.764,F3,MARIEVILLE,0.0,SUB,6.73,11.57,2.02,851.0,991.0,159.0
6,5,12764,2016,12.764,F4,MONTRÉAL-ST-HUBERT,0.0,LPI,18.338805970149256,24.280597014925373,12.343283582089551,0.0,340.90000000000003,0.0
6,5,12764,2016,12.764,F5,MARIEVILLE,0.0,DJR,6.73,11.57,2.02,851.0,991.0,159.0
6,5,12764,2016,12.764,F6,MARIEVILLE,0.0,LPI,6.73,11.57,2.02,851.0,991.0,159.0
6,5,12764,2016,12.764,F8,VERCHÈRES,0.0,MSU,18.889256198347105,24.688524590163933,13.0327868852459,347.2,347.2,0.0
6,5,12764,2016,12.764,F9,SOREL,0.0,SJU,7.87,12.33,3.26,917.7,1077.9,194.8
6,5,12764,2016,12.764,IRDA-32,MONTRÉAL-ST-HUBERT,0.0,SUB,18.338805970149256,24.280597014925373,12.343283582089551,0.0,340.90000000000003,0.0
6,5,12764,2016,12.764,IRDA-35,MONTRÉAL-ST-HUBERT,0.0,SUB,18.338805970149256,24.280597014925373,12.343283582089551,0.0,340.90000000000003,0.0
6,5,12764,2016,12.764,IRDA-36,MONTRÉAL-ST-HUBERT,0.0,SUB,18.338805970149256,24.280597014925373,12.343283582089551,0.0,340.90000000000003,0.0
6,5,12764,2016,12.764,IRDA-38,MONTRÉAL-ST-HUBERT,0.0,SUB,18.338805970149256,24.280597014925373,12.343283582089551,0.0,340.90000000000003,0.0
6,5,12764,2016,12.764,IRDA-41,MONTRÉAL-ST-HUBERT,0.0,SUB,18.338805970149256,24.280597014925373,12.343283582089551,0.0,340.90000000000003,0.0
6,5,12764,2016,12.764,IRDA-80,MONTRÉAL-ST-HUBERT,0.0,SDM,18.338805970149256,24.280597014925373,12.343283582089551,0.0,340.90000000000003,0.0
6,5,13397,2017,13.397,F1,MONTRÉAL-ST-HUBERT,0.0,LPI,17.473684210526315,22.649624060150376,12.254477611940295,0.0,361.9,0.0
6,5,13397,2017,13.397,F10,VERCHÈRES,0.0,MSU,18.404225352112675,23.657042253521126,12.960689655172413,398.2,398.2,0.0
6,5,13397,2017,13.397,F2,MARIEVILLE,0.0,SUB,7.71,12.2,3.19,951.5,1126.0,179.5
6,5,13397,2017,13.397,F3,MARIEVILLE,0.0,SUB,7.71,12.2,3.19,951.5,1126.0,179.5
6,5,13397,2017,13.397,F4,MONTRÉAL-ST-HUBERT,0.0,LPI,17.473684210526315,22.649624060150376,12.254477611940295,0.0,361.9,0.0
6,5,13397,2017,13.397,F5,MARIEVILLE,0.0,DJR,7.71,12.2,3.19,951.5,1126.0,179.5
6,5,13397,2017,13.397,F6,MARIEVILLE,0.0,LPI,7.71,12.2,3.19,951.5,1126.0,179.5
6,5,13397,2017,13.397,F8,VERCHÈRES,0.0,MSU,18.404225352112675,23.657042253521126,12.960689655172413,398.2,398.2,0.0
6,5,13397,2017,13.397,F9,SOREL,0.0,SJU,7.42,11.65,3.17,979.4,1090.0,240.7
6,5,13397,2017,13.397,IRDA-32,MONTRÉAL-ST-HUBERT,0.0,SUB,17.473684210526315,22.649624060150376,12.254477611940295,0.0,361.9,0.0
6,5,13397,2017,13.397,IRDA-35,MONTRÉAL-ST-HUBERT,0.0,SUB,17.473684210526315,22.649624060150376,12.254477611940295,0.0,361.9,0.0
6,5,13397,2017,13.397,IRDA-36,MONTRÉAL-ST-HUBERT,0.0,SUB,17.473684210526315,22.649624060150376,12.254477611940295,0.0,361.9,0.0
6,5,13397,2017,13.397,IRDA-38,MONTRÉAL-ST-HUBERT,0.0,SUB,17.473684210526315,22.649624060150376,12.254477611940295,0.0,361.9,0.0
6,5,13397,2017,13.397,IRDA-41,MONTRÉAL-ST-HUBERT,0.0,SUB,17.473684210526315,22.649624060150376,12.254477611940295,0.0,361.9,0.0
6,5,13397,2017,13.397,IRDA-80,MONTRÉAL-ST-HUBERT,0.0,SDM,17.473684210526315,22.649624060150376,12.254477611940295,0.0,361.9,0.0
6,5,12780,2018,12.78,F1,MONTRÉAL-ST-HUBERT,0.0,LPI,19.1453125,25.203125,13.04140625,0.0,316.7,0.0
6,5,12780,2018,12.78,F10,VERCHÈRES,0.0,MSU,,25.53856209150327,13.458169934640525,498.2,498.2,0.0
6,5,12780,2018,12.78,F2,MARIEVILLE,0.0,SUB,-6.77,12.06,2.75,912.5,1073.0,160.5
6,5,12780,2018,12.78,F3,MARIEVILLE,0.0,SUB,-6.77,12.06,2.75,912.5,1073.0,160.5
6,5,12780,2018,12.78,F4,MONTRÉAL-ST-HUBERT,0.0,LPI,19.1453125,25.203125,13.04140625,0.0,316.7,0.0
6,5,12780,2018,12.78,F5,MARIEVILLE,0.0,DJR,-6.77,12.06,2.75,912.5,1073.0,160.5
6,5,12780,2018,12.78,F6,MARIEVILLE,0.0,LPI,-6.77,12.06,2.75,912.5,1073.0,160.5
6,5,12780,2018,12.78,F8,VERCHÈRES,0.0,MSU,,25.53856209150327,13.458169934640525,498.2,498.2,0.0
6,5,12780,2018,12.78,F9,SOREL,0.0,SJU,-8.25,11.57,2.68,769.1,1001.4,264.6
6,5,12780,2018,12.78,IRDA-32,MONTRÉAL-ST-HUBERT,0.0,SUB,19.1453125,25.203125,13.04140625,0.0,316.7,0.0
6,5,12780,2018,12.78,IRDA-35,MONTRÉAL-ST-HUBERT,0.0,SUB,19.1453125,25.203125,13.04140625,0.0,316.7,0.0
6,5,12780,2018,12.78,IRDA-36,MONTRÉAL-ST-HUBERT,0.0,SUB,19.1453125,25.203125,13.04140625,0.0,316.7,0.0
6,5,12780,2018,12.78,IRDA-38,MONTRÉAL-ST-HUBERT,0.0,SUB,19.1453125,25.203125,13.04140625,0.0,316.7,0.0
6,5,12780,2018,12.78,IRDA-41,MONTRÉAL-ST-HUBERT,0.0,SUB,19.1453125,25.203125,13.04140625,0.0,316.7,0.0
6,5,12780,2018,12.78,IRDA-80,MONTRÉAL-ST-HUBERT,0.0,SDM,19.1453125,25.203125,13.04140625,0.0,316.7,0.0
6,5,8384,2019,8.384,F1,MONTRÉAL-ST-HUBERT,0.0,LPI,17.47880794701987,23.25761589403973,11.6523178807947,0.0,435.7,0.0
6,5,8384,2019,8.384,F10,VERCHÈRES,0.0,MSU,,25.627868852459017,13.402459016393442,299.7,299.7,0.0
6,5,8384,2019,8.384,F2,MARIEVILLE,0.0,SUB,,10.95,1.33,783.0,925.0,162.5
6,5,8384,2019,8.384,F3,MARIEVILLE,0.0,SUB,,10.95,1.33,783.0,925.0,162.5
6,5,8384,2019,8.384,F4,MONTRÉAL-ST-HUBERT,0.0,LPI,17.47880794701987,23.25761589403973,11.6523178807947,0.0,435.7,0.0
6,5,8384,2019,8.384,F5,MARIEVILLE,0.0,DJR,,10.95,1.33,783.0,925.0,162.5
6,5,8384,2019,8.384,F6,MARIEVILLE,0.0,LPI,,10.95,1.33,783.0,925.0,162.5
6,5,8384,2019,8.384,F8,VERCHÈRES,0.0,MSU,,25.627868852459017,13.402459016393442,299.7,299.7,0.0
6,5,8384,2019,8.384,F9,SOREL,0.0,SJU,,10.43,1.42,667.2,777.1,232.2
6,5,8384,2019,8.384,IRDA-32,MONTRÉAL-ST-HUBERT,0.0,SUB,17.47880794701987,23.25761589403973,11.6523178807947,0.0,435.7,0.0
6,5,8384,2019,8.384,IRDA-35,MONTRÉAL-ST-HUBERT,0.0,SUB,17.47880794701987,23.25761589403973,11.6523178807947,0.0,435.7,0.0
6,5,8384,2019,8.384,IRDA-36,MONTRÉAL-ST-HUBERT,0.0,SUB,17.47880794701987,23.25761589403973,11.6523178807947,0.0,435.7,0.0
6,5,8384,2019,8.384,IRDA-38,MONTRÉAL-ST-HUBERT,0.0,SUB,17.47880794701987,23.25761589403973,11.6523178807947,0.0,435.7,0.0
6,5,8384,2019,8.384,IRDA-41,MONTRÉAL-ST-HUBERT,0.0,SUB,17.47880794701987,23.25761589403973,11.6523178807947,0.0,435.7,0.0
6,5,8384,2019,8.384,IRDA-80,MONTRÉAL-ST-HUBERT,0.0,SDM,17.47880794701987,23.25761589403973,11.6523178807947,0.0,435.7,0.0
6,5,11501,2020,11.501,F1,MONTRÉAL-ST-HUBERT,0.0,LPI,17.998684210526317,23.82236842105263,12.126315789473685,0.0,449.3,0.0
6,5,11501,2020,11.501,F10,VERCHÈRES,0.0,MSU,,24.552287581699343,12.8437908496732,372.4,372.4,0.0
6,5,11501,2020,11.501,F2,MARIEVILLE,0.0,SUB,,13.1,3.37,835.5,935.5,110.0
6,5,11501,2020,11.501,F3,MARIEVILLE,0.0,SUB,,13.1,3.37,835.5,935.5,110.0
6,5,11501,2020,11.501,F4,MONTRÉAL-ST-HUBERT,0.0,LPI,17.998684210526317,23.82236842105263,12.126315789473685,0.0,449.3,0.0
6,5,11501,2020,11.501,F5,MARIEVILLE,0.0,DJR,,13.1,3.37,835.5,935.5,110.0
6,5,11501,2020,11.501,F6,MARIEVILLE,0.0,LPI,,13.1,3.37,835.5,935.5,110.0
6,5,11501,2020,11.501,F8,VERCHÈRES,0.0,MSU,,24.552287581699343,12.8437908496732,372.4,372.4,0.0
6,5,11501,2020,11.501,F9,SOREL,0.0,SJU,,12.61,3.58,731.5,841.5,183.8
6,5,11501,2020,11.501,IRDA-32,MONTRÉAL-ST-HUBERT,0.0,SUB,17.998684210526317,23.82236842105263,12.126315789473685,0.0,449.3,0.0
6,5,11501,2020,11.501,IRDA-35,MONTRÉAL-ST-HUBERT,0.0,SUB,17.998684210526317,23.82236842105263,12.126315789473685,0.0,449.3,0.0
6,5,11501,2020,11.501,IRDA-36,MONTRÉAL-ST-HUBERT,0.0,SUB,17.998684210526317,23.82236842105263,12.126315789473685,0.0,449.3,0.0
6,5,11501,2020,11.501,IRDA-38,MONTRÉAL-ST-HUBERT,0.0,SUB,17.998684210526317,23.82236842105263,12.126315789473685,0.0,449.3,0.0
6,5,11501,2020,11.501,IRDA-41,MONTRÉAL-ST-HUBERT,0.0,SUB,17.998684210526317,23.82236842105263,12.126315789473685,0.0,449.3,0.0
6,5,11501,2020,11.501,IRDA-80,MONTRÉAL-ST-HUBERT,0.0,SDM,17.998684210526317,23.82236842105263,12.126315789473685,0.0,449.3,0.0
6,5,12236,2021,12.236,F1,MONTRÉAL-ST-HUBERT,0.0,LPI,19.05033112582781,24.61390728476821,13.442384105960263,0.0,234.8,0.0
6,5,12236,2021,12.236,F10,VERCHÈRES,0.0,MSU,,25.1718954248366,13.662745098039217,302.9,302.9,0.0
6,5,12236,2021,12.236,F2,MARIEVILLE,0.0,SUB,,13.29,3.77,714.0,803.0,90.0
6,5,12236,2021,12.236,F3,MARIEVILLE,0.0,SUB,,13.29,3.77,714.0,803.0,90.0
6,5,12236,2021,12.236,F4,MONTRÉAL-ST-HUBERT,0.0,LPI,19.05033112582781,24.61390728476821,13.442384105960263,0.0,234.8,0.0
6,5,12236,2021,12.236,F5,MARIEVILLE,0.0,DJR,,13.29,3.77,714.0,803.0,90.0
6,5,12236,2021,12.236,F6,MARIEVILLE,0.0,LPI,,13.29,3.77,714.0,803.0,90.0
6,5,12236,2021,12.236,F8,VERCHÈRES,0.0,MSU,,25.1718954248366,13.662745098039217,302.9,302.9,0.0
6,5,12236,2021,12.236,F9,SOREL,0.0,SJU,,12.95,4.08,733.5,903.2,207.6
6,5,12236,2021,12.236,IRDA-32,MONTRÉAL-ST-HUBERT,0.0,SUB,19.05033112582781,24.61390728476821,13.442384105960263,0.0,234.8,0.0
6,5,12236,2021,12.236,IRDA-35,MONTRÉAL-ST-HUBERT,0.0,SUB,19.05033112582781,24.61390728476821,13.442384105960263,0.0,234.8,0.0
6,5,12236,2021,12.236,IRDA-36,MONTRÉAL-ST-HUBERT,0.0,SUB,19.05033112582781,24.61390728476821,13.442384105960263,0.0,234.8,0.0
6,5,12236,2021,12.236,IRDA-38,MONTRÉAL-ST-HUBERT,0.0,SUB,19.05033112582781,24.61390728476821,13.442384105960263,0.0,234.8,0.0
6,5,12236,2021,12.236,IRDA-41,MONTRÉAL-ST-HUBERT,0.0,SUB,19.05033112582781,24.61390728476821,13.442384105960263,0.0,234.8,0.0
6,5,12236,2021,12.236,IRDA-80,MONTRÉAL-ST-HUBERT,0.0,SDM,19.05033112582781,24.61390728476821,13.442384105960263,0.0,234.8,0.0
6,5,12896,2022,12.896,F1,MONTRÉAL-ST-HUBERT,0.0,LPI,18.414473684210527,23.88486842105263,12.896052631578948,0.0,667.9,0.0
6,5,12896,2022,12.896,F10,VERCHÈRES,0.0,MSU,,24.440522875816995,13.215686274509803,574.4,574.4,0.0
6,5,12896,2022,12.896,F2,MARIEVILLE,0.0,SUB,,12.74,2.75,919.5,1049.0,144.5
6,5,12896,2022,12.896,F3,MARIEVILLE,0.0,SUB,,12.74,2.75,919.5,1049.0,144.5
6,5,12896,2022,12.896,F4,MONTRÉAL-ST-HUBERT,0.0,LPI,18.414473684210527,23.88486842105263,12.896052631578948,0.0,667.9,0.0
6,5,12896,2022,12.896,F5,MARIEVILLE,0.0,DJR,,12.74,2.75,919.5,1049.0,144.5
6,5,12896,2022,12.896,F6,MARIEVILLE,0.0,LPI,,12.74,2.75,919.5,1049.0,144.5
6,5,12896,2022,12.896,F8,VERCHÈRES,0.0,MSU,,24.440522875816995,13.215686274509803,574.4,574.4,0.0
6,5,12896,2022,12.896,F9,SOREL,0.0,SJU,,12.0,2.96,976.3,1185.1,228.4
6,5,12896,2022,12.896,IRDA-32,MONTRÉAL-ST-HUBERT,0.0,SUB,18.414473684210527,23.88486842105263,12.896052631578948,0.0,667.9,0.0
6,5,12896,2022,12.896,IRDA-35,MONTRÉAL-ST-HUBERT,0.0,SUB,18.414473684210527,23.88486842105263,12.896052631578948,0.0,667.9,0.0
6,5,12896,2022,12.896,IRDA-36,MONTRÉAL-ST-HUBERT,0.0,SUB,18.414473684210527,23.88486842105263,12.896052631578948,0.0,667.9,0.0
6,5,12896,2022,12.896,IRDA-38,MONTRÉAL-ST-HUBERT,0.0,SUB,18.414473684210527,23.88486842105263,12.896052631578948,0.0,667.9,0.0
6,5,12896,2022,12.896,IRDA-41,MONTRÉAL-ST-HUBERT,0.0,SUB,18.414473684210527,23.88486842105263,12.896052631578948,0.0,667.9,0.0
6,5,12896,2022,12.896,IRDA-80,MONTRÉAL-ST-HUBERT,0.0,SDM,18.414473684210527,23.88486842105263,12.896052631578948,0.0,667.9,0.0
6,5,11814,2023,11.814,F1,MONTRÉAL-ST-HUBERT,0.0,LPI,18.29271523178808,23.719205298013243,12.821192052980132,0.0,536.6,0.0
6,5,11814,2023,11.814,F10,VERCHÈRES,0.0,MSU,,24.311409395973158,13.072297297297297,529.9,529.9,0.0
6,5,11814,2023,11.814,F2,MARIEVILLE,0.0,SUB,,13.3,4.08,792.1,893.1,113.0
6,5,11814,2023,11.814,F3,MARIEVILLE,0.0,SUB,,13.3,4.08,792.1,893.1,113.0
6,5,11814,2023,11.814,F4,MONTRÉAL-ST-HUBERT,0.0,LPI,18.29271523178808,23.719205298013243,12.821192052980132,0.0,536.6,0.0
6,5,11814,2023,11.814,F5,MARIEVILLE,0.0,DJR,,13.3,4.08,792.1,893.1,113.0
6,5,11814,2023,11.814,F6,MARIEVILLE,0.0,LPI,,13.3,4.08,792.1,893.1,113.0
6,5,11814,2023,11.814,F8,VERCHÈRES,0.0,MSU,,24.311409395973158,13.072297297297297,529.9,529.9,0.0
6,5,11814,2023,11.814,F9,SOREL,0.0,SJU,,12.65,4.26,691.1,879.3,235.4
6,5,11814,2023,11.814,IRDA-32,MONTRÉAL-ST-HUBERT,0.0,SUB,18.29271523178808,23.719205298013243,12.821192052980132,0.0,536.6,0.0
6,5,11814,2023,11.814,IRDA-35,MONTRÉAL-ST-HUBERT,0.0,SUB,18.29271523178808,23.719205298013243,12.821192052980132,0.0,536.6,0.0
6,5,11814,2023,11.814,IRDA-36,MONTRÉAL-ST-HUBERT,0.0,SUB,18.29271523178808,23.719205298013243,12.821192052980132,0.0,536.6,0.0
6,5,11814,2023,11.814,IRDA-38,MONTRÉAL-ST-HUBERT,0.0,SUB,18.29271523178808,23.719205298013243,12.821192052980132,0.0,536.6,0.0
6,5,11814,2023,11.814,IRDA-41,MONTRÉAL-ST-HUBERT,0.0,SUB,18.29271523178808,23.719205298013243,12.821192052980132,0.0,536.6,0.0
6,5,11814,2023,11.814,IRDA-80,MONTRÉAL-ST-HUBERT,0.0,SDM,18.29271523178808,23.719205298013243,12.821192052980132,0.0,536.6,0.0
